电影名,导演,主演,年份,电影类型,评分,评语,电影海报
肖申克的救赎,弗兰克·德拉邦特 Frank Darabont   ,蒂姆·罗宾斯 Tim Robbins /...,1994,犯罪 剧情,9.7,希望让人自由。,https://img2.doubanio.com/view/photo/s_ratio_poster/public/p480747492.webp
霸王别姬,陈凯歌 Kaige Chen   ,张国荣 Leslie Cheung / 张丰毅 Fengyi Zha...,1993,剧情 爱情 同性,9.6,风华绝代。,https://img3.doubanio.com/view/photo/s_ratio_poster/public/p2561716440.webp
阿甘正传,罗伯特·泽米吉斯 Robert Zemeckis   ,汤姆·汉克斯 Tom Hanks / ...,1994,剧情 爱情,9.5,一部美国近现代史。,https://img2.doubanio.com/view/photo/s_ratio_poster/public/p2372307693.webp
这个杀手不太冷,吕克·贝松 Luc Besson   ,让·雷诺 Jean Reno / 娜塔莉·波特曼 ...,1994,剧情 动作 犯罪,9.4,怪蜀黍和小萝莉不得不说的故事。,https://img2.doubanio.com/view/photo/s_ratio_poster/public/p511118051.webp
泰坦尼克号,詹姆斯·卡梅隆 James Cameron   ,莱昂纳多·迪卡普里奥 Leonardo...,1997,剧情 爱情 灾难,9.4,失去的才是永恒的。,https://img9.doubanio.com/view/photo/s_ratio_poster/public/p457760035.webp
美丽人生,罗伯托·贝尼尼 Roberto Benigni   ,罗伯托·贝尼尼 Roberto Beni...,1997,剧情 喜剧 爱情 战争,9.6,最美的谎言。,https://img2.doubanio.com/view/photo/s_ratio_poster/public/p2578474613.webp
千与千寻,宫崎骏 Hayao Miyazaki   ,柊瑠美 Rumi Hîragi / 入野自由 Miy...,2001,剧情 动画 奇幻,9.4,最好的宫崎骏，最好的久石让。,https://img1.doubanio.com/view/photo/s_ratio_poster/public/p2557573348.webp
辛德勒的名单,史蒂文·斯皮尔伯格 Steven Spielberg   ,连姆·尼森 Liam Neeson...,1993,剧情 历史 战争,9.5,拯救一个人，就是拯救整个世界。,https://img2.doubanio.com/view/photo/s_ratio_poster/public/p492406163.webp
盗梦空间,克里斯托弗·诺兰 Christopher Nolan   ,莱昂纳多·迪卡普里奥 Le...,2010,剧情 科幻 悬疑 冒险,9.3,诺兰给了我们一场无法盗取的梦。,https://img2.doubanio.com/view/photo/s_ratio_poster/public/p2616355133.webp
忠犬八公的故事,莱塞·霍尔斯道姆 Lasse Hallström   ,理查·基尔 Richard Ger...,2009,剧情,9.4,永远都不能忘记你所爱的人。,https://img1.doubanio.com/view/photo/s_ratio_poster/public/p524964039.webp
星际穿越,克里斯托弗·诺兰 Christopher Nolan   ,马修·麦康纳 Matthew Mc...,2014,剧情 科幻 冒险,9.3,爱是一种力量，让我们超越时空感知它的存在。,https://img1.doubanio.com/view/photo/s_ratio_poster/public/p2614988097.webp
楚门的世界,彼得·威尔 Peter Weir   ,金·凯瑞 Jim Carrey / 劳拉·琳妮 Lau...,1998,剧情 科幻,9.3,如果再也不能见到你，祝你早安，午安，晚安。,https://img2.doubanio.com/view/photo/s_ratio_poster/public/p479682972.webp
海上钢琴师,朱塞佩·托纳多雷 Giuseppe Tornatore   ,蒂姆·罗斯 Tim Roth / ...,1998,剧情 音乐,9.3,每个人都要走一条自己坚定了的路，就算是粉身碎骨。,https://img9.doubanio.com/view/photo/s_ratio_poster/public/p2574551676.webp
三傻大闹宝莱坞,拉库马·希拉尼 Rajkumar Hirani   ,阿米尔·汗 Aamir Khan / 卡...,2009,剧情 喜剧 爱情 歌舞,9.2,英俊版憨豆，高情商版谢耳朵。,https://img2.doubanio.com/view/photo/s_ratio_poster/public/p579729551.webp
机器人总动员,安德鲁·斯坦顿 Andrew Stanton   ,本·贝尔特 Ben Burtt / 艾丽...,2008,科幻 动画 冒险,9.3,小瓦力，大人生。,https://img2.doubanio.com/view/photo/s_ratio_poster/public/p1461851991.webp
放牛班的春天,克里斯托夫·巴拉蒂 Christophe Barratier   ,热拉尔·朱尼奥 Gé...,2004,剧情 喜剧 音乐,9.3,天籁一般的童声，是最接近上帝的存在。,https://img2.doubanio.com/view/photo/s_ratio_poster/public/p1910824951.webp
无间道,刘伟强 / 麦兆辉   ,刘德华 / 梁朝伟 / 黄秋生,2002,剧情 犯罪 惊悚,9.3,香港电影史上永不过时的杰作。,https://img2.doubanio.com/view/photo/s_ratio_poster/public/p2564556863.webp
疯狂动物城,拜伦·霍华德 Byron Howard / 瑞奇·摩尔 Rich Moore   ,金妮弗·...,2016,喜剧 动画 冒险,9.2,迪士尼给我们营造的乌托邦就是这样，永远善良勇敢，永远出乎意料。,https://img1.doubanio.com/view/photo/s_ratio_poster/public/p2614500649.webp
大话西游之大圣娶亲,刘镇伟 Jeffrey Lau   ,周星驰 Stephen Chow / 吴孟达 Man Tat Ng...,1995,喜剧 爱情 奇幻 古装,9.2,一生所爱。,https://img9.doubanio.com/view/photo/s_ratio_poster/public/p2455050536.webp
熔炉,黄东赫 Dong-hyuk Hwang   ,孔侑 Yoo Gong / 郑有美 Yu-mi Jung /...,2011,剧情,9.3,我们一路奋战不是为了改变世界，而是为了不让世界改变我们。,https://img9.doubanio.com/view/photo/s_ratio_poster/public/p1363250216.webp
教父,弗朗西斯·福特·科波拉 Francis Ford Coppola   ,马龙·白兰度 M...,1972,剧情 犯罪,9.3,千万不要记恨你的对手，这样会让你失去理智。,https://img9.doubanio.com/view/photo/s_ratio_poster/public/p616779645.webp
当幸福来敲门,加布里尔·穆奇诺 Gabriele Muccino   ,威尔·史密斯 Will Smith ...,2006,剧情 传记 家庭,9.1,平民励志片。,https://img9.doubanio.com/view/photo/s_ratio_poster/public/p2614359276.webp
龙猫,宫崎骏 Hayao Miyazaki   ,日高法子 Noriko Hidaka / 坂本千夏 Ch...,1988,动画 奇幻 冒险,9.2,人人心中都有个龙猫，童年就永远不会消失。,https://img9.doubanio.com/view/photo/s_ratio_poster/public/p2540924496.webp
怦然心动,罗伯·莱纳 Rob Reiner   ,玛德琳·卡罗尔 Madeline Carroll / 卡...,2010,剧情 喜剧 爱情,9.1,真正的幸福是来自内心深处。,https://img1.doubanio.com/view/photo/s_ratio_poster/public/p501177648.webp
控方证人,比利·怀尔德 Billy Wilder   ,泰隆·鲍华 Tyrone Power / 玛琳·...,1957,剧情 犯罪 悬疑,9.6,比利·怀德满分作品。,https://img1.doubanio.com/view/photo/s_ratio_poster/public/p1505392928.webp
触不可及,奥利维·那卡什 Olivier Nakache / 艾力克·托兰达 Eric Toledano   主...,,2011,剧情 喜剧,9.3,满满温情的高雅喜剧。,https://img9.doubanio.com/view/photo/s_ratio_poster/public/p1454261925.webp
末代皇帝,贝纳尔多·贝托鲁奇 Bernardo Bertolucci   ,尊龙 John Lone / 陈...,1987,剧情 传记 历史,9.3,“不要跟我比惨，我比你更惨”再适合这部电影不过了。,https://img2.doubanio.com/view/photo/s_ratio_poster/public/p452089833.webp
蝙蝠侠：黑暗骑士,克里斯托弗·诺兰 Christopher Nolan   ,克里斯蒂安·贝尔 Christ...,2008,剧情 动作 科幻 犯罪 惊悚,9.2,无尽的黑暗。,https://img2.doubanio.com/view/photo/s_ratio_poster/public/p462657443.webp
寻梦环游记,李·昂克里奇 Lee Unkrich / 阿德里安·莫利纳 Adrian Molina   ,...,2017,喜剧 动画 奇幻 音乐,9.1,死亡不是真的逝去，遗忘才是永恒的消亡。,https://img9.doubanio.com/view/photo/s_ratio_poster/public/p2614500706.webp
活着,张艺谋 Yimou Zhang   ,葛优 You Ge / 巩俐 Li Gong / 姜武 Wu Jiang,1994,剧情 历史 家庭,9.3,张艺谋最好的电影。,https://img2.doubanio.com/view/photo/s_ratio_poster/public/p2524040532.webp
指环王3：王者无敌,彼得·杰克逊 Peter Jackson   ,伊利亚·伍德 Elijah Wood / 西恩...,2003,剧情 动作 奇幻 冒险,9.3,史诗的终章。,https://img2.doubanio.com/view/photo/s_ratio_poster/public/p2642829472.webp
哈利·波特与魔法石,Chris Columbus   ,Daniel Radcliffe / Emma Watson / Rupert Grint,2001,奇幻 冒险,9.1,童话世界的开端。,https://img9.doubanio.com/view/photo/s_ratio_poster/public/p2614949805.webp
乱世佳人,维克多·弗莱明 Victor Fleming / 乔治·库克 George Cukor   ,费...,1939,剧情 历史 爱情 战争,9.3,Tomorrow is another day.,https://img3.doubanio.com/view/photo/s_ratio_poster/public/p1963126880.webp
何以为家,娜丁·拉巴基 Nadine Labaki   ,扎因·拉费阿 Zain al-Rafeea / ...,2018,剧情,9.1,凝视卑弱生命，用电影改变命运。,https://img1.doubanio.com/view/photo/s_ratio_poster/public/p2555295759.webp
素媛,李濬益 Jun-ik Lee   ,薛景求 Kyung-gu Sol / 严志媛 Ji-won Uhm ...,2013,剧情,9.3,受过伤害的人总是笑得最开心，因为他们不愿意让身边的人承受一样的痛苦。,https://img9.doubanio.com/view/photo/s_ratio_poster/public/p2118532944.webp
飞屋环游记,彼特·道格特 Pete Docter / 鲍勃·彼德森 Bob Peterson   ,爱德...,2009,剧情 喜剧 动画 冒险,9.0,最后那些最无聊的事情，才是最值得怀念的。,https://img2.doubanio.com/view/photo/s_ratio_poster/public/p2363116942.webp
摔跤吧！爸爸,涅提·蒂瓦里 Nitesh Tiwari   ,阿米尔·汗 Aamir Khan / 法缇玛...,2016,剧情 传记 运动 家庭,9.0,你不是在为你一个人战斗，你要让千千万万的女性看到女生并不是只能相夫教子。,https://img1.doubanio.com/view/photo/s_ratio_poster/public/p2401676338.webp
十二怒汉,Sidney Lumet   ,亨利·方达 Henry Fonda / 马丁·鲍尔萨姆 Marti...,1957,剧情,9.4,1957年的理想主义。,https://img2.doubanio.com/view/photo/s_ratio_poster/public/p2173577632.webp
哈尔的移动城堡,宫崎骏 Hayao Miyazaki   ,倍赏千惠子 Chieko Baishô / 木村拓...,2004,动画 奇幻 冒险,9.1,带着心爱的人在天空飞翔。,https://img3.doubanio.com/view/photo/s_ratio_poster/public/p2174346180.webp
少年派的奇幻漂流,李安 Ang Lee   ,苏拉·沙玛 Suraj Sharma / 伊尔凡·可汗 Irrfan...,2012,剧情 奇幻 冒险,9.1,瑰丽壮观、无人能及的冒险之旅。,https://img2.doubanio.com/view/photo/s_ratio_poster/public/p1784592701.webp
我不是药神,文牧野 Muye Wen   ,徐峥 Zheng Xu / 王传君 Chuanjun Wang / 周...,2018,剧情 喜剧,9.0,对我们国家而言，这样的电影多一部是一部。,https://img9.doubanio.com/view/photo/s_ratio_poster/public/p2561305376.webp
鬼子来了,姜文 Wen Jiang   ,姜文 Wen Jiang / 香川照之 Teruyuki Kagawa /...,2000,剧情 喜剧,9.3,对敌人的仁慈，就是对自己残忍。,https://img1.doubanio.com/view/photo/s_ratio_poster/public/p2553104888.webp
大话西游之月光宝盒,刘镇伟 Jeffrey Lau   ,周星驰 Stephen Chow / 吴孟达 Man Tat Ng...,1995,喜剧 爱情 奇幻 古装,9.0,旷古烁今。,https://img2.doubanio.com/view/photo/s_ratio_poster/public/p2561721372.webp
天空之城,宫崎骏 Hayao Miyazaki   ,田中真弓 Mayumi Tanaka / 横泽启子 Ke...,1986,动画 奇幻 冒险,9.1,对天空的追逐，永不停止。,https://img1.doubanio.com/view/photo/s_ratio_poster/public/p1446261379.webp
天堂电影院,朱塞佩·托纳多雷 Giuseppe Tornatore   ,菲利普·努瓦雷 Philipp...,1988,剧情 爱情,9.2,那些吻戏，那些青春，都在影院的黑暗里被泪水冲刷得无比清晰。,https://img3.doubanio.com/view/photo/s_ratio_poster/public/p2653054340.webp
闻香识女人,马丁·布莱斯 Martin Brest   ,阿尔·帕西诺 Al Pacino / 克里斯...,1992,剧情,9.1,史上最美的探戈。,https://img1.doubanio.com/view/photo/s_ratio_poster/public/p2550757929.webp
指环王2：双塔奇兵,彼得·杰克逊 Peter Jackson   ,伊利亚·伍德 Elijah Wood / 西恩...,2002,剧情 动作 奇幻 冒险,9.2,承前启后的史诗篇章。,https://img9.doubanio.com/view/photo/s_ratio_poster/public/p2640236255.webp
罗马假日,威廉·惠勒 William Wyler   ,奥黛丽·赫本 Audrey Hepburn / 格...,1953,喜剧 剧情 爱情,9.0,爱情哪怕只有一天。,https://img9.doubanio.com/view/photo/s_ratio_poster/public/p2189265085.webp
猫鼠游戏,史蒂文·斯皮尔伯格 Steven Spielberg   ,莱昂纳多·迪卡普里奥 L...,2002,传记 犯罪 剧情,9.1,骗子大师和执著警探的你追我跑故事。,https://img2.doubanio.com/view/photo/s_ratio_poster/public/p453924541.webp
辩护人,杨宇硕 Woo-seok Yang   ,宋康昊 Kang-ho Song / 金英爱 Yeong-ae...,2013,剧情,9.2,电影的现实意义大过电影本身。,https://img9.doubanio.com/view/photo/s_ratio_poster/public/p2158166535.webp
指环王1：护戒使者,彼得·杰克逊 Peter Jackson   ,伊利亚·伍德 Elijah Wood / 西恩...,2001,剧情 动作 奇幻 冒险,9.1,传说的开始。,https://img3.doubanio.com/view/photo/s_ratio_poster/public/p2640234840.webp
钢琴家,罗曼·波兰斯基 Roman Polanski   ,艾德里安·布洛迪 Adrien Brod...,2002,剧情 传记 战争 音乐,9.2,音乐能化解仇恨。,https://img2.doubanio.com/view/photo/s_ratio_poster/public/p792376093.webp
大闹天宫,万籁鸣 Laiming Wan   ,邱岳峰 Yuefeng Qiu / 富润生 Runsheng Fu...,1961, 1978(中国大陆) ,9.4,经典之作，历久弥新。,https://img1.doubanio.com/view/photo/s_ratio_poster/public/p2184505167.webp
让子弹飞,姜文 Wen Jiang   ,姜文 Wen Jiang / 葛优 You Ge / 周润发 Yun-F...,2010,剧情 喜剧 动作 西部,8.9,你给我翻译翻译，神马叫做TMD的惊喜。,https://img1.doubanio.com/view/photo/s_ratio_poster/public/p1512562287.webp
狮子王,Roger Allers / 罗伯·明可夫 Rob Minkoff   ,乔纳森·泰勒·托马...,1994,动画 冒险 歌舞,9.1,动物版《哈姆雷特》。,https://img1.doubanio.com/view/photo/s_ratio_poster/public/p2277799019.webp
教父2,弗朗西斯·福特·科波拉 Francis Ford Coppola   ,阿尔·帕西诺 A...,1974,剧情 犯罪,9.2,优雅的孤独。,https://img1.doubanio.com/view/photo/s_ratio_poster/public/p2194138787.webp
死亡诗社,彼得·威尔 Peter Weir   ,罗宾·威廉姆斯 Robin Williams / 罗伯...,1989,剧情,9.1,当一个死水般的体制内出现一个活跃的变数时，所有的腐臭都站在了光明的对面。,https://img3.doubanio.com/view/photo/s_ratio_poster/public/p2575465690.webp
搏击俱乐部,大卫·芬奇 David Fincher   ,爱德华·诺顿 Edward Norton / 布拉...,1999,剧情 动作 悬疑 惊悚,9.0,邪恶与平庸蛰伏于同一个母体，在特定的时间互相对峙。,https://img1.doubanio.com/view/photo/s_ratio_poster/public/p1910926158.webp
黑客帝国,安迪·沃卓斯基 Andy Wachowski / 拉娜·沃卓斯基 Lana Wachowski   主...,,1999,动作 科幻,9.1,视觉革命。,https://img1.doubanio.com/view/photo/s_ratio_poster/public/p451926968.webp
海蒂和爷爷,阿兰·葛斯彭纳 Alain Gsponer   ,阿努克·斯特芬 Anuk Steffen /...,2015,剧情 冒险 家庭,9.2,如果生活中有什么使你感到快乐，那就去做吧！不要管别人说什么。,https://img9.doubanio.com/view/photo/s_ratio_poster/public/p2554525534.webp
绿皮书,彼得·法雷里 Peter Farrelly   ,维果·莫腾森 Viggo Mortensen /...,2018,剧情 喜剧 传记 音乐,8.9,去除成见，需要勇气。,https://img2.doubanio.com/view/photo/s_ratio_poster/public/p2549177902.webp
饮食男女,李安 Ang Lee   ,郎雄 Sihung Lung / 杨贵媚 Kuei-Mei Yang / 吴...,1994,剧情 家庭,9.1,人生不能像做菜，把所有的料都准备好了才下锅。,https://img2.doubanio.com/view/photo/s_ratio_poster/public/p1910899751.webp
美丽心灵,朗·霍华德 Ron Howard   ,罗素·克劳 Russell Crowe / 艾德·哈...,2001,传记 剧情,9.0,爱是一切逻辑和原由。,https://img3.doubanio.com/view/photo/s_ratio_poster/public/p1665997400.webp
窃听风暴,弗洛里安·亨克尔·冯·多纳斯马尔克 Florian Henckel von Donnersmarck  &n...,,2006,剧情 悬疑,9.2,别样人生。,https://img1.doubanio.com/view/photo/s_ratio_poster/public/p1808872109.webp
本杰明·巴顿奇事,大卫·芬奇 David Fincher   ,凯特·布兰切特 Cate Blanchett / ...,2008,剧情 爱情 奇幻,8.9,在时间之河里感受溺水之苦。,https://img2.doubanio.com/view/photo/s_ratio_poster/public/p2192535722.webp
两杆大烟枪,Guy Ritchie   ,Jason Flemyng / Dexter Fletcher / Nick Moran,1998,剧情 喜剧 犯罪,9.1,4个臭皮匠顶个诸葛亮，盖·里奇果然不是盖的。,https://img1.doubanio.com/view/photo/s_ratio_poster/public/p792443418.webp
情书,岩井俊二 Shunji Iwai   ,中山美穗 Miho Nakayama / 丰川悦司 Ets...,1995,剧情 爱情,8.9,暗恋的极致。,https://img3.doubanio.com/view/photo/s_ratio_poster/public/p2648230660.webp
穿条纹睡衣的男孩,马克·赫尔曼 Mark Herman   ,阿萨·巴特菲尔德 Asa Butterfield ...,2008,剧情 战争,9.1,尽管有些不切实际的幻想，这部电影依旧是一部感人肺腑的佳作。,https://img2.doubanio.com/view/photo/s_ratio_poster/public/p1473670352.webp
西西里的美丽传说,朱塞佩·托纳多雷 Giuseppe Tornatore   ,莫妮卡·贝鲁奇 Monica ...,2000,剧情 战争 情色,8.9,美丽无罪。,https://img1.doubanio.com/view/photo/s_ratio_poster/public/p2441988159.webp
看不见的客人,奥里奥尔·保罗 Oriol Paulo   ,马里奥·卡萨斯 Mario Casas / 阿...,2016,剧情 犯罪 悬疑 惊悚,8.8,你以为你以为的就是你以为的。,https://img9.doubanio.com/view/photo/s_ratio_poster/public/p2498971355.webp
飞越疯人院,米洛斯·福尔曼 Miloš Forman   ,杰克·尼科尔森 Jack Nichols...,1975,剧情,9.1,自由万岁。,https://img1.doubanio.com/view/photo/s_ratio_poster/public/p792238287.webp
拯救大兵瑞恩,史蒂文·斯皮尔伯格 Steven Spielberg   ,汤姆·汉克斯 Tom Hanks...,1998,剧情 战争,9.0,美利坚精神输出大片No1.,https://img9.doubanio.com/view/photo/s_ratio_poster/public/p1014542496.webp
音乐之声,罗伯特·怀斯 Robert Wise   ,朱莉·安德鲁斯 Julie Andrews / 克...,1965,剧情 传记 爱情 歌舞,9.1,用音乐化解仇恨，让歌声串起美好。,https://img1.doubanio.com/view/photo/s_ratio_poster/public/p453788577.webp
小鞋子,马基德·马基迪 Majid Majidi   ,默罕默德·阿米尔·纳吉 Mohamma...,1997,剧情 儿童 家庭,9.2,奔跑的孩子是天使。,https://img9.doubanio.com/view/photo/s_ratio_poster/public/p2165511465.webp
阿凡达,詹姆斯·卡梅隆 James Cameron   ,萨姆·沃辛顿 Sam Worthington ...,2009,动作 科幻 冒险,8.8,绝对意义上的美轮美奂。,https://img2.doubanio.com/view/photo/s_ratio_poster/public/p2634997853.webp
海豚湾,路易·西霍尤斯 Louie Psihoyos   ,Richard O'Barry / 路易·西霍...,2009,纪录片,9.3,海豚的微笑，是世界上最高明的伪装。,https://img1.doubanio.com/view/photo/s_ratio_poster/public/p2559579779.webp
致命魔术,克里斯托弗·诺兰 Christopher Nolan   ,休·杰克曼 Hugh Jackman...,2006,剧情 悬疑 惊悚,8.9,孪生蝙蝠侠大战克隆金刚狼。,https://img9.doubanio.com/view/photo/s_ratio_poster/public/p480383375.webp
美国往事,赛尔乔·莱翁内 Sergio Leone   ,罗伯特·德尼罗 Robert De Niro ...,1984,犯罪 剧情,9.2,往事如烟，无处祭奠。,https://img1.doubanio.com/view/photo/s_ratio_poster/public/p477229647.webp
沉默的羔羊,乔纳森·戴米 Jonathan Demme   ,朱迪·福斯特 Jodie Foster / 安...,1991,剧情 犯罪 惊悚,8.9,安东尼·霍普金斯的顶级表演。,https://img1.doubanio.com/view/photo/s_ratio_poster/public/p1593414327.webp
禁闭岛,Martin Scorsese   ,莱昂纳多·迪卡普里奥 Leonardo DiCaprio / ...,2010,剧情 悬疑 惊悚,8.8,昔日翩翩少年，今日大腹便便。,https://img1.doubanio.com/view/photo/s_ratio_poster/public/p1832875827.webp
蝴蝶效应,埃里克·布雷斯 Eric Bress / J·麦基·格鲁伯 J. Mackye Gruber   主...,,2004,剧情 悬疑 科幻 惊悚,8.8,人的命运被自己瞬间的抉择改变。,https://img1.doubanio.com/view/photo/s_ratio_poster/public/p2209066019.webp
低俗小说,昆汀·塔伦蒂诺 Quentin Tarantino   ,约翰·特拉沃尔塔 John Tra...,1994,剧情 喜剧 犯罪,8.9,故事的高级讲法。,https://img2.doubanio.com/view/photo/s_ratio_poster/public/p1910902213.webp
心灵捕手,格斯·范·桑特 Gus Van Sant   ,马特·达蒙 Matt Damon / 罗宾·...,1997,剧情,8.9,人生中应该拥有这样的一段豁然开朗。,https://img9.doubanio.com/view/photo/s_ratio_poster/public/p480965695.webp
布达佩斯大饭店,韦斯·安德森 Wes Anderson   ,拉尔夫·费因斯 Ralph Fiennes / ...,2014,剧情 喜剧 冒险,8.9,小清新的故事里注入了大历史的情怀。,https://img2.doubanio.com/view/photo/s_ratio_poster/public/p2178872593.webp
哈利·波特与死亡圣器(下),大卫·叶茨 David Yates   ,丹尼尔·雷德克里夫 Daniel Radcliffe...,2011,奇幻 冒险,8.9,10年的完美句点。,https://img2.doubanio.com/view/photo/s_ratio_poster/public/p917846733.webp
春光乍泄,王家卫 Kar Wai Wong   ,张国荣 Leslie Cheung / 梁朝伟 Tony Leu...,1997,剧情 爱情 同性,9.0,爱情纠缠，男女一致。,https://img2.doubanio.com/view/photo/s_ratio_poster/public/p465939041.webp
七宗罪,大卫·芬奇 David Fincher   ,摩根·弗里曼 Morgan Freeman / 布...,1995,剧情 犯罪 悬疑 惊悚,8.8,警察抓小偷，老鼠玩死猫。,https://img9.doubanio.com/view/photo/s_ratio_poster/public/p2219586434.webp
摩登时代,查理·卓别林 Charles Chaplin   ,查理·卓别林 Charles Chaplin ...,1936,剧情 喜剧 爱情,9.3,大时代中的人生，小人物的悲喜。,https://img1.doubanio.com/view/photo/s_ratio_poster/public/p2263408369.webp
喜剧之王,周星驰 Stephen Chow / 李力持 Lik-Chi Lee   ,周星驰 Stephen Ch...,1999,喜剧 剧情 爱情,8.8,我是一个演员。,https://img1.doubanio.com/view/photo/s_ratio_poster/public/p2579932167.webp
被嫌弃的松子的一生,中岛哲也 Tetsuya Nakashima   ,中谷美纪 Miki Nakatani / 瑛太 E...,2006,剧情 歌舞,8.9,以戏谑来戏谑戏谑。,https://img9.doubanio.com/view/photo/s_ratio_poster/public/p884763596.webp
致命ID,詹姆斯·曼高德 James Mangold   ,约翰·库萨克 John Cusack / 雷...,2003,剧情 悬疑 惊悚,8.8,最不可能的那个人永远是最可能的。,https://img9.doubanio.com/view/photo/s_ratio_poster/public/p2558364386.webp
杀人回忆,奉俊昊 Joon-ho Bong   ,宋康昊 Kang-ho Song / 金相庆 Sang-kyun...,2003,剧情 动作 犯罪 悬疑 惊悚,8.9,关于连环杀人悬案的集体回忆。,https://img3.doubanio.com/view/photo/s_ratio_poster/public/p1633113220.webp
加勒比海盗,戈尔·维宾斯基 Gore Verbinski   ,约翰尼·德普 Johnny Depp / ...,2003,动作 冒险 奇幻,8.8,约翰尼·德普的独角戏。,https://img9.doubanio.com/view/photo/s_ratio_poster/public/p1596085504.webp
剪刀手爱德华,蒂姆·波顿 Tim Burton   ,约翰尼·德普 Johnny Depp / 薇诺娜·...,1990,剧情 奇幻 爱情,8.7,浪漫忧郁的成人童话。,https://img1.doubanio.com/view/photo/s_ratio_poster/public/p480956937.webp
狩猎,托马斯·温特伯格 Thomas Vinterberg   ,麦斯·米科尔森 Mads Mik...,2012,剧情,9.1,人言可畏。,https://img1.doubanio.com/view/photo/s_ratio_poster/public/p1546987967.webp
勇敢的心,梅尔·吉布森 Mel Gibson   ,梅尔·吉布森 Mel Gibson / 苏菲·玛...,1995,动作 传记 剧情 历史 战争,8.9,史诗大片的典范。,https://img1.doubanio.com/view/photo/s_ratio_poster/public/p2004174709.webp
红辣椒,今敏 Satoshi Kon   ,林原惠美 Megumi Hayashibara / 江守彻 Toru...,2006,动画 悬疑 科幻 惊悚,9.0,梦的勾结。,https://img3.doubanio.com/view/photo/s_ratio_poster/public/p456825720.webp
请以你的名字呼唤我,卢卡·瓜达尼诺 Luca Guadagnino   ,艾米·汉莫 Armie Hammer / ...,2017,剧情 爱情 同性,8.9,沉醉在电影的情感和视听氛围中无法自拔。,https://img3.doubanio.com/view/photo/s_ratio_poster/public/p2505525050.webp
7号房的礼物,李焕庆 Hwan-kyeong Lee   ,柳承龙 Seung-yong Ryoo / 朴信惠 Shi...,2013,剧情 喜剧 家庭,8.9,《我是山姆》的《美丽人生》。,https://img9.doubanio.com/view/photo/s_ratio_poster/public/p1816276065.webp
断背山,李安 Ang Lee   ,希斯·莱杰 Heath Ledger / 杰克·吉伦哈尔 Jake...,2005,剧情 爱情 同性 家庭,8.8,每个人心中都有一座断背山。,https://img1.doubanio.com/view/photo/s_ratio_poster/public/p2604889017.webp
天使爱美丽,让-皮埃尔·热内 Jean-Pierre Jeunet   ,奥黛丽·塔图 Audrey Tau...,2001,剧情 喜剧 爱情,8.7,法式小清新。,https://img2.doubanio.com/view/photo/s_ratio_poster/public/p2447590313.webp
功夫,周星驰 Stephen Chow   ,周星驰 Stephen Chow / 元秋 Qiu Yuen / ...,2004,动作 喜剧 犯罪 奇幻,8.7,警恶惩奸，维护世界和平这个任务就交给你了，好吗？,https://img1.doubanio.com/view/photo/s_ratio_poster/public/p2219011938.webp
超脱,托尼·凯耶 Tony Kaye   ,艾德里安·布洛迪 Adrien Brody / 马西...,2011,剧情,8.9,穷尽一生，我们要学会的，不过是彼此拥抱。,https://img2.doubanio.com/view/photo/s_ratio_poster/public/p1305562621.webp
幽灵公主,宫崎骏 Hayao Miyazaki   ,松田洋治 Yôji Matsuda / 石田百合...,1997,动画 奇幻 冒险,8.9,人与自然的战争史诗。,https://img9.doubanio.com/view/photo/s_ratio_poster/public/p1613191025.webp
第六感,M·奈特·沙马兰 M. Night Shyamalan   ,布鲁斯·威利斯 Bruce Wi...,1999,剧情 悬疑 惊悚,8.9,深入内心的恐怖，出人意料的结局。,https://img9.doubanio.com/view/photo/s_ratio_poster/public/p2220184425.webp
唐伯虎点秋香,李力持 Lik-Chi Lee   ,周星驰 Stephen Chow / 巩俐 Li Gong / 陈...,1993,喜剧 爱情 古装,8.7,华太师是黄霑，吴镇宇四大才子之一。,https://img9.doubanio.com/view/photo/s_ratio_poster/public/p2357915564.webp
小森林 夏秋篇,森淳一 Junichi Mori   ,桥本爱 Ai Hashimoto / 三浦贵大 Takahir...,2014,剧情,9.0,那些静得只能听见呼吸的日子里，你明白孤独即生活。,https://img2.doubanio.com/view/photo/s_ratio_poster/public/p2564498893.webp
重庆森林,王家卫 Kar Wai Wong   ,林青霞 Brigitte Lin / 金城武 Takeshi K...,1994,剧情 爱情,8.8,寂寞没有期限。,https://img2.doubanio.com/view/photo/s_ratio_poster/public/p792381411.webp
阳光灿烂的日子,姜文 Wen Jiang   ,夏雨 Yu Xia / 宁静 Jing Ning / 陶虹 Hong Tao,1994,剧情 爱情,8.8,一场华丽的意淫。,https://img9.doubanio.com/view/photo/s_ratio_poster/public/p2564685215.webp
爱在黎明破晓前,理查德·林克莱特 Richard Linklater   ,伊桑·霍克 Ethan Hawke ...,1995,剧情 爱情,8.8,缘分是个连绵词，最美不过一瞬。,https://img9.doubanio.com/view/photo/s_ratio_poster/public/p2555762374.webp
哈利·波特与阿兹卡班的囚徒,Alfonso Cuarón   ,丹尼尔·雷德克里夫 Daniel Radcliffe / Emma...,2004,奇幻 冒险,8.8,不一样的导演，不一样的哈利·波特。,https://img1.doubanio.com/view/photo/s_ratio_poster/public/p1910812549.webp
一一,杨德昌 Edward Yang   ,吴念真 / 李凯莉 Kelly Lee / 金燕玲 Elai...,2000,剧情 爱情 家庭,9.1,我们都曾经是一一。,https://img2.doubanio.com/view/photo/s_ratio_poster/public/p2567845803.webp
菊次郎的夏天,北野武 Takeshi Kitano   ,北野武 Takeshi Kitano / 关口雄介 Yus...,1999,剧情 喜剧,8.8,从没见过那么流氓的温柔，从没见过那么温柔的流氓。,https://img9.doubanio.com/view/photo/s_ratio_poster/public/p2620392435.webp
蝙蝠侠：黑暗骑士崛起,克里斯托弗·诺兰 Christopher Nolan   ,克里斯蒂安·贝尔 Christ...,2012,剧情 动作 科幻 犯罪 惊悚,8.8,诺兰就是保证。,https://img9.doubanio.com/view/photo/s_ratio_poster/public/p1706428744.webp
消失的爱人,大卫·芬奇 David Fincher   ,本·阿弗莱克 Ben Affleck / 罗莎蒙...,2014,剧情 犯罪 悬疑 惊悚,8.7,年度最佳date movie。,https://img9.doubanio.com/view/photo/s_ratio_poster/public/p2221768894.webp
小森林 冬春篇,森淳一 Junichi Mori   ,桥本爱 Ai Hashimoto / 三浦贵大 Takahir...,2015,剧情,9.0,尊敬他人，尊敬你生活的这片土地，明白孤独是人生的常态。,https://img1.doubanio.com/view/photo/s_ratio_poster/public/p2215147728.webp
无人知晓,是枝裕和 Hirokazu Koreeda   ,柳乐优弥 Yûya Yagira / 北浦爱...,2004,剧情,9.1,我的平常生活就是他人的幸福。,https://img2.doubanio.com/view/photo/s_ratio_poster/public/p661160053.webp
超能陆战队,唐·霍尔 Don Hall / 克里斯·威廉姆斯 Chris Williams   ,斯科特...,2014,喜剧 动作 科幻 动画 冒险,8.7,Balalala~~~,https://img2.doubanio.com/view/photo/s_ratio_poster/public/p2614500883.webp
入殓师,泷田洋二郎 Yôjirô Takita   ,本木雅弘 Masahiro Motoki / ...,2008,剧情,8.9,死可能是一道门，逝去并不是终结，而是超越，走向下一程。,https://img1.doubanio.com/view/photo/s_ratio_poster/public/p2635433927.webp
倩女幽魂,程小东 Siu-Tung Ching   ,张国荣 Leslie Cheung / 王祖贤 Joey W...,1987,爱情 奇幻 武侠 古装,8.7,两张绝世的脸。,https://img9.doubanio.com/view/photo/s_ratio_poster/public/p2414157745.webp
侧耳倾听,近藤喜文 Yoshifumi Kondo   ,本名阳子 Youko Honna / 小林桂树 K...,1995,剧情 爱情 动画,8.9,少女情怀总是诗。,https://img2.doubanio.com/view/photo/s_ratio_poster/public/p456692072.webp
完美的世界,克林特·伊斯特伍德 Clint Eastwood   ,凯文·科斯特纳 Kevin Cos...,1993,剧情 犯罪,9.1,坏人的好总是比好人的好来得更感人。,https://img1.doubanio.com/view/photo/s_ratio_poster/public/p2190556408.webp
爱在日落黄昏时,理查德·林克莱特 Richard Linklater   ,伊桑·霍克 Ethan Hawke ...,2004,剧情 爱情,8.9,九年后的重逢是世俗和责任的交叠，没了悸动和青涩，沧桑而温暖。,https://img1.doubanio.com/view/photo/s_ratio_poster/public/p2561542458.webp
借东西的小人阿莉埃蒂,米林宏昌 Hiromasa Yonebayashi   ,志田未来 Mirai Shida / 神木...,2010,动画 奇幻 冒险,8.9,曾经的那段美好会沉淀为一辈子的记忆。,https://img9.doubanio.com/view/photo/s_ratio_poster/public/p617533616.webp
甜蜜蜜,陈可辛 Peter Chan   ,黎明 Leon Lai / 张曼玉 Maggie Cheung / ...,1996,剧情 爱情,8.9,相逢只要一瞬间，等待却像是一辈子。,https://img9.doubanio.com/view/photo/s_ratio_poster/public/p2223011274.webp
萤火之森,大森贵弘 Takahiro Omori   ,佐仓绫音 Ayane Sakura / 内山昂辉 K...,2011,剧情 爱情 动画 奇幻,8.9,触不到的恋人。,https://img2.doubanio.com/view/photo/s_ratio_poster/public/p1675053073.webp
哈利·波特与密室,Chris Columbus   ,丹尼尔·雷德克里夫 Daniel Radcliffe / 艾玛...,2002,奇幻 冒险,8.8,魔法的密室之门已打开...,https://img3.doubanio.com/view/photo/s_ratio_poster/public/p1082651990.webp
驯龙高手,迪恩·德布洛斯 Dean DeBlois / 克里斯·桑德斯 Chris Sanders   主演:...,,2010,动画 奇幻 冒险,8.7,和谐的生活离不开摸头与被摸头。,https://img9.doubanio.com/view/photo/s_ratio_poster/public/p2210954024.webp
玛丽和马克思,亚当·艾略特 Adam Elliot   ,托妮·科莱特 Toni Collette / 菲利...,2009,剧情 喜剧 动画,8.9,你是我最好的朋友，你是我唯一的朋友 。,https://img9.doubanio.com/view/photo/s_ratio_poster/public/p488255145.webp
幸福终点站,史蒂文·斯皮尔伯格 Steven Spielberg   ,汤姆·汉克斯 Tom Hanks...,2004,喜剧 剧情 爱情,8.8,有时候幸福需要等一等。,https://img1.doubanio.com/view/photo/s_ratio_poster/public/p854757687.webp
天书奇谭,王树忱 Shuchen Wang / 钱运达 Yunda Qian   ,丁建华 Jianhua Din...,1983,动画 奇幻,9.2,传奇的年代，醉人的童话。,https://img1.doubanio.com/view/photo/s_ratio_poster/public/p2515539487.webp
大鱼,蒂姆·波顿 Tim Burton   ,伊万·麦克格雷格 Ewan McGregor / 阿...,2003,剧情 家庭 奇幻 冒险,8.8,抱着梦想而活着的人是幸福的，怀抱梦想而死去的人是不朽的。,https://img9.doubanio.com/view/photo/s_ratio_poster/public/p692813374.webp
告白,中岛哲也 Tetsuya Nakashima   ,松隆子 Takako Matsu / 冈田将生 ...,2010,剧情 悬疑,8.7,没有一人完全善，也没有一人完全恶。,https://img9.doubanio.com/view/photo/s_ratio_poster/public/p689520756.webp
阳光姐妹淘,姜炯哲 Hyeong-Cheol Kang   ,沈恩京 Eun-kyung Shim / 闵孝琳 Hy...,2011,剧情 喜剧,8.8,再多各自牛逼的时光，也比不上一起傻逼的岁月。,https://img1.doubanio.com/view/photo/s_ratio_poster/public/p1374786017.webp
射雕英雄传之东成西就,刘镇伟 Jeffrey Lau   ,梁朝伟 Tony Leung Chiu Wai / 林青霞 Bri...,1993,喜剧 奇幻 武侠 古装,8.7,百看不厌。,https://img9.doubanio.com/view/photo/s_ratio_poster/public/p2609063925.webp
怪兽电力公司,彼特·道格特 Pete Docter / 大卫·斯沃曼 David Silverman   ,约...,2001,儿童 喜剧 动画 奇幻 冒险,8.7,不要给它起名字，起了名字就有感情了。,https://img1.doubanio.com/view/photo/s_ratio_poster/public/p2513247938.webp
时空恋旅人,理查德·柯蒂斯 Richard Curtis   ,多姆纳尔·格里森 Domhnall Gl...,2013,喜剧 爱情 奇幻,8.8,把每天当作最后一天般珍惜度过，积极拥抱生活，就是幸福。,https://img9.doubanio.com/view/photo/s_ratio_poster/public/p2070153774.webp
神偷奶爸,皮艾尔·柯芬 Pierre Coffin / 克里斯·雷纳德 Chris Renaud   ,...,2010,喜剧 动画 冒险,8.6,Mr. I Don't Care其实也有Care的时候。,https://img1.doubanio.com/view/photo/s_ratio_poster/public/p792776858.webp
恐怖直播,金秉祐 Byeong-woo Kim   ,河正宇 Jung-woo Ha / 李璟荣 Kyeong-y...,2013,剧情 犯罪 悬疑,8.7,恐怖分子的“秋菊打官司”。,https://img9.doubanio.com/view/photo/s_ratio_poster/public/p2016930906.webp
傲慢与偏见,乔·怀特 Joe Wright   ,凯拉·奈特莉 Keira Knightley / 马修·...,2005,剧情 爱情,8.7,爱是摈弃傲慢与偏见之后的曙光。,https://img1.doubanio.com/view/photo/s_ratio_poster/public/p2016401659.webp
玩具总动员3,李·昂克里奇 Lee Unkrich   ,汤姆·汉克斯 Tom Hanks / 蒂姆·艾...,2010,喜剧 动画 奇幻 冒险,8.9,跨度十五年的欢乐与泪水。,https://img1.doubanio.com/view/photo/s_ratio_poster/public/p1283675359.webp
教父3,弗朗西斯·福特·科波拉 Francis Ford Coppola   ,阿尔·帕西诺 A...,1990,剧情 犯罪,9.0,任何信念的力量，都无法改变命运。,https://img2.doubanio.com/view/photo/s_ratio_poster/public/p2169664351.webp
釜山行,延尚昊 Sang-ho Yeon   ,孔侑 Yoo Gong / 郑有美 Yu-mi Jung / 马...,2016,动作 惊悚 灾难,8.6,揭露人性的丧尸题材力作。,https://img1.doubanio.com/view/photo/s_ratio_poster/public/p2360940399.webp
一个叫欧维的男人决定去死,汉内斯·赫尔姆 Hannes Holm   ,罗夫·拉斯加德 Rolf Lassgård...,2015,剧情,8.9,惠及一生的美丽。,https://img2.doubanio.com/view/photo/s_ratio_poster/public/p2406624993.webp
哪吒闹海,严定宪 Dingxian Yan / 王树忱 Shuchen Wang   ,梁正晖 Zhenghui ...,1979,冒险 动画 奇幻,9.1,想你时你在闹海。,https://img9.doubanio.com/view/photo/s_ratio_poster/public/p2532803206.webp
被解救的姜戈,昆汀·塔伦蒂诺 Quentin Tarantino   ,杰米·福克斯 Jamie Foxx /...,2012,剧情 动作 西部 冒险,8.8,热血沸腾，那个低俗、性感的无耻混蛋又来了。,https://img1.doubanio.com/view/photo/s_ratio_poster/public/p1800813767.webp
血战钢锯岭,梅尔·吉布森 Mel Gibson   ,安德鲁·加菲尔德 Andrew Garfield /...,2016,剧情 传记 历史 战争,8.7,优秀的战争片不会美化战场，不会粉饰死亡，不会矮化敌人，不会无视常识，最重要的，不会宣扬战争。,https://img1.doubanio.com/view/photo/s_ratio_poster/public/p2398141939.webp
未麻的部屋,今敏 Satoshi Kon   ,岩男润子 Junko Iwao / 松本梨香 Rica Matsu...,1997,动画 奇幻 惊悚,9.0,好的剧本是，就算你猜到了结局也猜不到全部。,https://img2.doubanio.com/view/photo/s_ratio_poster/public/p1351050722.webp
七武士,黑泽明 Akira Kurosawa   ,三船敏郎 Toshirô Mifune / 志村乔 ...,1954,动作 冒险 剧情,9.3,时代悲歌。,https://img9.doubanio.com/view/photo/s_ratio_poster/public/p2215886505.webp
我是山姆,杰茜·尼尔森 Jessie Nelson   ,Sean Penn / Dakota Fanning / Mi...,2001,剧情 家庭,9.0,爱并不需要智商 。,https://img9.doubanio.com/view/photo/s_ratio_poster/public/p652417775.webp
头号玩家,史蒂文·斯皮尔伯格 Steven Spielberg   ,泰伊·谢里丹 Tye Sheri...,2018,动作 科幻 冒险,8.7,写给影迷，动漫迷和游戏迷的一封情书。,https://img1.doubanio.com/view/photo/s_ratio_poster/public/p2516578307.webp
喜宴,李安 Ang Lee   ,赵文瑄 Winston Chao / 郎雄 Sihung Lung / 归亚...,1993,剧情 喜剧 爱情 同性 家庭,8.9,中国家庭的喜怒哀乐忍。,https://img1.doubanio.com/view/photo/s_ratio_poster/public/p2249048907.webp
电锯惊魂,詹姆斯·温 James Wan   ,雷·沃纳尔 Leigh Whannell / 加利·艾...,2004,悬疑 惊悚 恐怖,8.7,真相就在眼前。,https://img9.doubanio.com/view/photo/s_ratio_poster/public/p726839485.webp
新世界,朴勋政 Hoon-jung Park   ,李政宰 Jung-Jae Lee / 崔岷植 Min-sik...,2013,剧情 犯罪,8.9,要做就做得狠一点，这样才能活下去。,https://img1.doubanio.com/view/photo/s_ratio_poster/public/p1903379979.webp
风之谷,宫崎骏 Hayao Miyazaki   ,岛本须美 Sumi Shimamoto / 松田洋治 Y...,1984,动画 奇幻 冒险,8.9,动画片的圣经。,https://img2.doubanio.com/view/photo/s_ratio_poster/public/p1917567652.webp
卢旺达饭店,特瑞·乔治 Terry George   ,唐·钱德尔 Don Cheadle / 苏菲·奥...,2004,剧情 传记 历史 战争,8.9,当这个世界闭上双眼，他却敞开了怀抱。,https://img2.doubanio.com/view/photo/s_ratio_poster/public/p470419493.webp
上帝之城,费尔南多·梅里尔斯 Fernando Meirelles / 卡迪亚·兰德 Kátia Lund  &nbsp...,,2002,犯罪 剧情,9.0,被上帝抛弃了的上帝之城。,https://img3.doubanio.com/view/photo/s_ratio_poster/public/p455677490.webp
模仿游戏,莫滕·泰杜姆 Morten Tyldum   ,本尼迪克特·康伯巴奇 Benedict C...,2014,剧情 传记 战争 同性,8.7,他给机器起名“克里斯托弗”，因为这是他初恋的名字。,https://img2.doubanio.com/view/photo/s_ratio_poster/public/p2255040492.webp
寄生虫,奉俊昊 Joon-ho Bong   ,宋康昊 Kang-ho Song / 李善均 Seon-gyun...,2019,剧情 喜剧,8.8,,https://img3.doubanio.com/view/photo/s_ratio_poster/public/p2561439800.webp
疯狂原始人,科克·德·米科 Kirk De Micco / 克里斯·桑德斯 Chris Sanders   主演...,,2013,喜剧 动画 冒险,8.7,老少皆宜，这就是好莱坞动画的魅力。,https://img1.doubanio.com/view/photo/s_ratio_poster/public/p1867084027.webp
三块广告牌,马丁·麦克唐纳 Martin McDonagh   ,弗兰西斯·麦克多蒙德 France...,2017,剧情 犯罪,8.7,怼天怼地，你走后，她与世界为敌。,https://img1.doubanio.com/view/photo/s_ratio_poster/public/p2510081688.webp
花样年华,王家卫 Kar Wai Wong   ,梁朝伟 Tony Leung Chiu Wai / 张曼玉 Ma...,2000,剧情 爱情,8.7,偷情本没有这样美。,https://img9.doubanio.com/view/photo/s_ratio_poster/public/p1910828286.webp
英雄本色,吴宇森 John Woo   ,周润发 Yun-Fat Chow / 狄龙 Lung Ti / 张国...,1986,剧情 动作 犯罪,8.6,英雄泪短，兄弟情长。,https://img1.doubanio.com/view/photo/s_ratio_poster/public/p2504997087.webp
谍影重重3,保罗·格林格拉斯 Paul Greengrass   ,马特·达蒙 Matt Damon / ...,2007,动作 悬疑 惊悚,8.8,像吃了苏打饼一样干脆的电影。,https://img1.doubanio.com/view/photo/s_ratio_poster/public/p792223507.webp
黑客帝国3：矩阵革命,拉娜·沃卓斯基 Lana Wachowski / 莉莉·沃卓斯基 Lilly Wachowski   ...,,2003,动作 科幻,8.8,不得不说，《黑客帝国》系列是商业片与科幻、哲学完美结合的典范。,https://img1.doubanio.com/view/photo/s_ratio_poster/public/p443461818.webp
达拉斯买家俱乐部,让-马克·瓦雷 Jean-Marc Vallée   ,马修·麦康纳 Matthew McCon...,2013,剧情 传记 同性,8.8,Jared Leto的腿比女人还美！,https://img1.doubanio.com/view/photo/s_ratio_poster/public/p2166160837.webp
纵横四海,吴宇森 John Woo   ,周润发 Yun-Fat Chow / 张国荣 Leslie Cheung...,1991,剧情 喜剧 动作 犯罪,8.8,香港浪漫主义警匪动作片的巅峰之作。,https://img1.doubanio.com/view/photo/s_ratio_poster/public/p2597918718.webp
头脑特工队,彼特·道格特 Pete Docter / 罗纳尔多·德尔·卡门 Ronaldo Del Carmen  &nb...,,2015,喜剧 动画 冒险,8.7,愿我们都不用长大，每一座城堡都能永远存在。,https://img9.doubanio.com/view/photo/s_ratio_poster/public/p2266293606.webp
你的名字。,新海诚 Makoto Shinkai   ,神木隆之介 Ryûnosuke Kamiki / 上...,2016,剧情 爱情 动画,8.5,穿越错位的时空，仰望陨落的星辰，你没留下你的名字，我却无法忘记那句“我爱你”。,https://img1.doubanio.com/view/photo/s_ratio_poster/public/p2395733377.webp
心迷宫,忻钰坤 Yukun Xin   ,霍卫民 Weimin Huo / 王笑天 Xiaotian Wang ...,2014,剧情 犯罪 悬疑,8.7,荒诞讽刺，千奇百巧，抽丝剥茧，百转千回。,https://img9.doubanio.com/view/photo/s_ratio_poster/public/p2276780256.webp
岁月神偷,罗启锐 Alex Law   ,吴君如 Sandra Ng / 任达华 Simon Yam / 钟绍...,2010,剧情 家庭,8.7,岁月流逝，来日可追。,https://img2.doubanio.com/view/photo/s_ratio_poster/public/p456666151.webp
记忆碎片,克里斯托弗·诺兰 Christopher Nolan   ,盖·皮尔斯 Guy Pearce /...,2000,犯罪 剧情 悬疑 惊悚,8.7,一个针管引发的血案。,https://img2.doubanio.com/view/photo/s_ratio_poster/public/p641688453.webp
忠犬八公物语,Seijirô Kôyama   ,山本圭 Kei Yamamoto / 井川比佐志 Hisa...,1987,剧情,9.2,养狗三日，便会对你终其一生。,https://img9.doubanio.com/view/photo/s_ratio_poster/public/p2603716224.webp
哈利·波特与火焰杯,迈克·内威尔 Mike Newell   ,丹尼尔·雷德克里夫 Daniel Radclif...,2005,悬疑 奇幻 冒险,8.7,,https://img9.doubanio.com/view/photo/s_ratio_poster/public/p735391084.webp
海街日记,是枝裕和 Hirokazu Koreeda   ,绫濑遥 Haruka Ayase / 长泽雅美 M...,2015,剧情 家庭,8.8,是枝裕和的家庭习作。,https://img1.doubanio.com/view/photo/s_ratio_poster/public/p2603364117.webp
荒蛮故事,达米安·斯兹弗隆 Damián Szifron   ,达里奥·葛兰帝内提 Darío...,2014,剧情 喜剧 犯罪,8.8,始于荒诞，止于更荒诞。,https://img2.doubanio.com/view/photo/s_ratio_poster/public/p2584519452.webp
惊魂记,阿尔弗雷德·希区柯克 Alfred Hitchcock   ,安东尼·博金斯 Antho...,1960,悬疑 惊悚 恐怖,9.0,故事的反转与反转，分裂电影的始祖。,https://img9.doubanio.com/view/photo/s_ratio_poster/public/p1021883305.webp
爆裂鼓手,达米恩·查泽雷 Damien Chazelle   ,迈尔斯·特勒 Miles Teller /...,2014,剧情 音乐,8.7,这个世界从不善待努力的人，努力了也不一定会成功，但是知道自己在努力，就是活下去的动力。,https://img2.doubanio.com/view/photo/s_ratio_poster/public/p2220776342.webp
真爱至上,理查德·柯蒂斯 Richard Curtis   ,休·格兰特 Hugh Grant / 柯林...,2003,喜剧 剧情 爱情,8.6,爱，是个动词。,https://img3.doubanio.com/view/photo/s_ratio_poster/public/p475600770.webp
贫民窟的百万富翁,丹尼·鲍尔 Danny Boyle / 洛芙琳·坦丹 Loveleen Tandan   ,戴夫...,2008,剧情 爱情,8.6,上帝之城+猜火车+阿甘正传+开心辞典=山寨富翁,https://img3.doubanio.com/view/photo/s_ratio_poster/public/p2434249040.webp
东邪西毒,王家卫 Kar Wai Wong   ,张国荣 Leslie Cheung / 林青霞 Brigitte...,1994,剧情 动作 爱情 武侠 古装,8.6,电影诗。,https://img2.doubanio.com/view/photo/s_ratio_poster/public/p1982176012.webp
九品芝麻官,王晶 Jing Wong   ,周星驰 Stephen Chow / 吴孟达 Man Tat Ng / ...,1994,剧情 喜剧 古装,8.6,,https://img3.doubanio.com/view/photo/s_ratio_poster/public/p648370300.webp
小偷家族,是枝裕和 Hirokazu Koreeda   ,中川雅也 Lily Franky / 安藤樱 Sa...,2018,剧情 犯罪 家庭,8.7,我们组成了家。,https://img9.doubanio.com/view/photo/s_ratio_poster/public/p2530599636.webp
绿里奇迹,Frank Darabont   ,汤姆·汉克斯 Tom Hanks / 大卫·摩斯 David M...,1999,犯罪 剧情 奇幻 悬疑,8.9,天使暂时离开。,https://img2.doubanio.com/view/photo/s_ratio_poster/public/p767586451.webp
无敌破坏王,瑞奇·莫尔 Rich Moore   ,约翰·C·赖利 John C. Reilly / 萨拉...,2012,喜剧 动画 奇幻 冒险,8.7,迪士尼和皮克斯拿错剧本的产物。,https://img9.doubanio.com/view/photo/s_ratio_poster/public/p1735642656.webp
爱在午夜降临前,理查德·林克莱特 Richard Linklater   ,伊桑·霍克 Ethan Hawke ...,2013,剧情 爱情,8.8,所谓爱情，就是话唠一路，都不会心生腻烦，彼此嫌弃。,https://img1.doubanio.com/view/photo/s_ratio_poster/public/p2074715729.webp
黑天鹅,达伦·阿罗诺夫斯基 Darren Aronofsky   ,娜塔莉·波特曼 Natalie...,2010,剧情 惊悚,8.6,黑暗之美。,https://img9.doubanio.com/view/photo/s_ratio_poster/public/p2549648344.webp
你看起来好像很好吃,藤森雅也 Masaya Fujimori   ,山口胜平 Kappei Yamaguchi / 爱河...,2010,剧情 动画 儿童,8.9,感情不分食草或者食肉。,https://img2.doubanio.com/view/photo/s_ratio_poster/public/p709670262.webp
冰川时代,卡洛斯·沙尔丹哈 Carlos Saldanha / 克里斯·韦奇 Chris Wedge   主演...,,2002,喜剧 动画 冒险,8.6,松鼠才是角儿。,https://img1.doubanio.com/view/photo/s_ratio_poster/public/p1910895719.webp
萤火虫之墓,高畑勋 Isao Takahata   ,辰己努 / 白石绫乃 / 志乃原良子,1988,动画 剧情 战争,8.7,幸福是生生不息，却难以触及的远。,https://img1.doubanio.com/view/photo/s_ratio_poster/public/p2237136718.webp
疯狂的石头,宁浩 Hao Ning   ,郭涛 Tao Guo / 刘桦 Hua Liu / 连晋 Teddy Lin,2006,喜剧 犯罪,8.5,中国版《两杆大烟枪》。,https://img2.doubanio.com/view/photo/s_ratio_poster/public/p712241453.webp
雨人,巴瑞·莱文森 Barry Levinson   ,达斯汀·霍夫曼 Dustin Hoffman ...,1988,剧情,8.7,生活在自己的世界里，也可以让周围的人显得可笑和渺小。,https://img2.doubanio.com/view/photo/s_ratio_poster/public/p2353324612.webp
恋恋笔记本,尼克·卡索维茨 Nick Cassavetes   ,瑞恩·高斯林 Ryan Gosling /...,2004,剧情 爱情,8.6,爱情没有那么多借口，如果不能圆满，只能说明爱的不够。,https://img9.doubanio.com/view/photo/s_ratio_poster/public/p483604864.webp
恐怖游轮,克里斯托弗·史密斯 Christopher Smith   ,梅利莎·乔治 Melissa ...,2009,剧情 悬疑 惊悚,8.5,不要企图在重复中寻找已经失去的爱。,https://img9.doubanio.com/view/photo/s_ratio_poster/public/p462470694.webp
雨中曲,斯坦利·多南 Stanley Donen / 吉恩·凯利 Gene Kelly   ,吉恩·...,1952,喜剧 歌舞 爱情,9.1,骨灰级歌舞片。,https://img9.doubanio.com/view/photo/s_ratio_poster/public/p1612355875.webp
魔女宅急便,宫崎骏 Hayao Miyazaki   ,高山南 Minami Takayama / 佐久间玲 Re...,1989,动画 奇幻 冒险,8.7,宫崎骏的电影总让人感觉世界是美好的，阳光明媚的。,https://img2.doubanio.com/view/photo/s_ratio_poster/public/p456676352.webp
色，戒,李安 Ang Lee   ,梁朝伟 Tony Leung Chiu Wai / 汤唯 Wei Tang / ...,2007,剧情 爱情 情色,8.5,假戏真情，爱欲深海,https://img9.doubanio.com/view/photo/s_ratio_poster/public/p453716305.webp
二十二,郭柯 Ke Guo   主演:,,2015,纪录片,8.7,有一些东西不应该被遗忘。,https://img1.doubanio.com/view/photo/s_ratio_poster/public/p2457609817.webp
2001太空漫游,斯坦利·库布里克 Stanley Kubrick   ,凯尔·杜拉 Keir Dullea / ...,1968,科幻 惊悚 冒险,8.8,现代科幻电影的开山之作，最伟大导演的最伟大影片。,https://img9.doubanio.com/view/photo/s_ratio_poster/public/p2560717825.webp
虎口脱险,杰拉尔·乌里 Gérard Oury   ,路易·德·菲耐斯 Louis de Funès...,1966,喜剧 战争,8.9,永远看不腻的喜剧。,https://img2.doubanio.com/view/photo/s_ratio_poster/public/p2399597512.webp
城市之光,Charles Chaplin   ,查理·卓别林 Charles Chaplin / 弗吉尼亚·...,1931,喜剧 剧情 爱情,9.3,永远的小人物，伟大的卓别林。,https://img1.doubanio.com/view/photo/s_ratio_poster/public/p2170238828.webp
可可西里,陆川 Chuan Lu   ,多布杰 Duobujie / 张磊 Lei Zhang / 亓亮 Qi L...,2004,剧情 犯罪,8.8,坚硬的信仰。,https://img9.doubanio.com/view/photo/s_ratio_poster/public/p2363208684.webp
奇迹男孩,斯蒂芬·卓博斯基 Stephen Chbosky   ,雅各布·特伦布莱 Jacob Tr...,2017,剧情 儿童 家庭,8.6,世界不完美，爱会有奇迹。,https://img1.doubanio.com/view/photo/s_ratio_poster/public/p2507709428.webp
人工智能,史蒂文·斯皮尔伯格 Steven Spielberg   ,海利·乔·奥斯蒙 Haley...,2001,剧情 科幻,8.7,对爱的执着，可以超越一切。,https://img1.doubanio.com/view/photo/s_ratio_poster/public/p792257137.webp
海边的曼彻斯特,肯尼斯·罗纳根 Kenneth Lonergan   ,卡西·阿弗莱克 Casey Affle...,2016,剧情 家庭,8.6,我们都有权利不与自己的过去和解。,https://img9.doubanio.com/view/photo/s_ratio_poster/public/p2421855655.webp
初恋这件小事,普特鹏·普罗萨卡·那·萨克那卡林 Puttipong Promsaka Na Sakolnakorn / 华森·波克彭...,,2010,剧情 喜剧 爱情,8.4,黑小鸭速效美白记。,https://img2.doubanio.com/view/photo/s_ratio_poster/public/p1505312273.webp
罗生门,黑泽明 Akira Kurosawa   ,三船敏郎 Toshirô Mifune / 京町子 ...,1950,剧情 犯罪 悬疑,8.8,人生的N种可能性。,https://img2.doubanio.com/view/photo/s_ratio_poster/public/p1598883511.webp
终结者2：审判日,詹姆斯·卡梅隆 James Cameron   ,阿诺·施瓦辛格 Arnold Schwarz...,1991,动作 科幻,8.8,少见的超越首部的续集，动作片中的经典。,https://img9.doubanio.com/view/photo/s_ratio_poster/public/p1910909085.webp
大佛普拉斯,黄信尧 Hsin-yao Huang   ,庄益增 Yizeng Zhuang / 陈竹昇 Chu-sh...,2017,剧情 喜剧,8.7,人们可以登上月球，却永远无法探索人们内心的宇宙。,https://img2.doubanio.com/view/photo/s_ratio_poster/public/p2505928032.webp
房间,伦尼·阿伯拉罕森 Lenny Abrahamson   ,布丽·拉尔森 Brie Larson...,2015,剧情 家庭,8.8,被偷走的岁月，被伤害的生命，被禁锢的灵魂，终将被希望和善意救赎。,https://img9.doubanio.com/view/photo/s_ratio_poster/public/p2259715855.webp
遗愿清单,罗伯·莱纳 Rob Reiner   ,杰克·尼科尔森 Jack Nicholson / 摩根...,2007,冒险 喜剧 剧情,8.7,用剩余不多的时间，去燃烧整个生命。,https://img1.doubanio.com/view/photo/s_ratio_poster/public/p1481879628.webp
牯岭街少年杀人事件,杨德昌 Edward Yang   ,张震 Chen Chang / 杨静怡 Lisa Yang / 张...,1991,剧情 犯罪,8.9,弱者送给弱者的一刀。,https://img9.doubanio.com/view/photo/s_ratio_poster/public/p848381236.webp
源代码,邓肯·琼斯 Duncan Jones   ,杰克·吉伦哈尔 Jake Gyllenhaal / ...,2011,科幻 悬疑 惊悚,8.5,邓肯·琼斯继《月球》之后再度奉献出一部精彩绝伦的科幻佳作。,https://img9.doubanio.com/view/photo/s_ratio_poster/public/p988260245.webp
青蛇,徐克 Hark Tsui   ,张曼玉 Maggie Cheung / 王祖贤 Joey Wang / ...,1993,剧情 爱情 奇幻 古装,8.6,人生如此，浮生如斯。谁人言，花彼岸，此生情长意短。谁都是不懂爱的罢了。,https://img2.doubanio.com/view/photo/s_ratio_poster/public/p2570901292.webp
新龙门客栈,李惠民 Raymond Lee   ,张曼玉 Maggie Cheung / 林青霞 Brigitte ...,1992,动作 爱情 武侠 古装,8.6,嬉笑怒骂，调风动月。,https://img1.doubanio.com/view/photo/s_ratio_poster/public/p1421018669.webp
波西米亚狂想曲,布莱恩·辛格 Bryan Singer   ,拉米·马雷克 Rami Malek / 本·哈...,2018,剧情 传记 同性 音乐,8.7,,https://img2.doubanio.com/view/photo/s_ratio_poster/public/p2549558913.webp
魂断蓝桥,茂文·勒鲁瓦 Mervyn LeRoy   ,费雯·丽 Vivien Leigh / 罗伯特·...,1940,剧情 爱情 战争,8.8,中国式内在的美国电影。,https://img1.doubanio.com/view/photo/s_ratio_poster/public/p2351134499.webp
疯狂的麦克斯4：狂暴之路,乔治·米勒 George Miller   ,汤姆·哈迪 Tom Hardy / 查理兹·塞...,2015,动作 科幻 冒险,8.6,“多么美好的一天！”轰轰轰砰咚，啪哒哒哒轰隆隆，磅~,https://img2.doubanio.com/view/photo/s_ratio_poster/public/p2236181653.webp
无间道2,刘伟强 / 麦兆辉   ,陈冠希 / 余文乐 / 曾志伟,2003,剧情 犯罪 惊悚,8.6,,https://img3.doubanio.com/view/photo/s_ratio_poster/public/p958008320.webp
东京教父,今敏 Satoshi Kon   ,江守彻 Toru Emori / 梅垣义明 Yoshiaki Ume...,2003,剧情 喜剧 动画,9.0,,https://img1.doubanio.com/view/photo/s_ratio_poster/public/p456703618.webp
无耻混蛋,Quentin Tarantino   ,布拉德·皮特 Brad Pitt / 梅拉尼·罗兰 M...,2009,剧情 犯罪,8.6,昆汀同学越来越变态了，比北野武还杜琪峰。,https://img1.doubanio.com/view/photo/s_ratio_poster/public/p2575043939.webp
步履不停,是枝裕和 Hirokazu Koreeda   ,阿部宽 Hiroshi Abe / 夏川结衣 Yu...,2008,剧情 家庭,8.8,日本的家庭电影已经是世界巅峰了，步履不停是巅峰中的佳作。,https://img1.doubanio.com/view/photo/s_ratio_poster/public/p2375245718.webp
血钻,爱德华·兹威克 Edward Zwick   ,莱昂纳多·迪卡普里奥 Leonardo ...,2006,剧情 惊悚 冒险,8.7,每个美丽事物背后都是滴血的现实。,https://img2.doubanio.com/view/photo/s_ratio_poster/public/p1244017073.webp
燃情岁月,爱德华·兹威克 Edward Zwick   ,布拉德·皮特 Brad Pitt / 安东...,1994,剧情 爱情 战争 西部,8.8,传奇，不是每个人都可以拥有。,https://img1.doubanio.com/view/photo/s_ratio_poster/public/p1023654037.webp
彗星来的那一夜,詹姆斯·沃德·布柯特 James Ward Byrkit   ,艾米丽·芭尔多尼 Em...,2013,科幻 悬疑 惊悚,8.5,小成本大魅力。,https://img9.doubanio.com/view/photo/s_ratio_poster/public/p2187896734.webp
战争之王,安德鲁·尼科尔 Andrew Niccol   ,尼古拉斯·凯奇 Nicolas Cage /...,2005,剧情 犯罪,8.7,做一颗让别人需要你的棋子。,https://img2.doubanio.com/view/photo/s_ratio_poster/public/p792282381.webp
海洋,雅克·贝汉 Jacques Perrin / 雅克·克鲁奥德 Jacques Cluzaud   主演:...,,2009,纪录片,9.1,大海啊，不全是水。,https://img9.doubanio.com/view/photo/s_ratio_poster/public/p2559581324.webp
谍影重重2,保罗·格林格拉斯 Paul Greengrass   ,马特·达蒙 Matt Damon / ...,2004,动作 悬疑 惊悚,8.7,谁说王家卫镜头很晃？,https://img9.doubanio.com/view/photo/s_ratio_poster/public/p667644866.webp
千钧一发,安德鲁·尼科尔 Andrew Niccol   ,伊桑·霍克 Ethan Hawke / 乌玛...,1997,剧情 科幻 惊悚,8.8,一部能引人思考的科幻励志片。,https://img9.doubanio.com/view/photo/s_ratio_poster/public/p2195672555.webp
穿越时空的少女,细田守 Mamoru Hosoda   ,仲里依纱 Riisa Naka / 石田卓也 Takuya...,2006,剧情 爱情 科幻 动画,8.6,爱上未来的你。,https://img9.doubanio.com/view/photo/s_ratio_poster/public/p2079334286.webp
阿飞正传,王家卫 Kar Wai Wong   ,张国荣 Leslie Cheung / 张曼玉 Maggie C...,1990,犯罪 剧情 爱情,8.5,王家卫是一种风格，张国荣是一个代表。,https://img2.doubanio.com/view/photo/s_ratio_poster/public/p2525770523.webp
黑客帝国2：重装上阵,拉娜·沃卓斯基 Lana Wachowski / 莉莉·沃卓斯基 Lilly Wachowski   ...,,2003,动作 科幻,8.6,一个精彩的世界观正在缓缓建立。,https://img3.doubanio.com/view/photo/s_ratio_poster/public/p443461390.webp
崖上的波妞,宫崎骏 Hayao Miyazaki   ,奈良柚莉爱 Yuria Nara / 土井洋辉 Hir...,2008,动画 奇幻 冒险,8.6,,https://img1.doubanio.com/view/photo/s_ratio_poster/public/p2627847859.webp
地球上的星星,阿米尔·汗 Aamir Khan   ,达席尔·萨法瑞 Darsheel Safary / 阿...,2007,剧情 儿童 家庭,8.9,天使保护事件始末。,https://img9.doubanio.com/view/photo/s_ratio_poster/public/p1973489335.webp
谍影重重,道格·里曼 Doug Liman   ,马特·达蒙 Matt Damon / 弗兰卡·波坦...,2002,动作 悬疑 惊悚,8.6,哗啦啦啦啦，天在下雨，哗啦啦啦啦，云在哭泣……找自己。,https://img2.doubanio.com/view/photo/s_ratio_poster/public/p1597183981.webp
完美陌生人,保罗·格诺维瑟 Paolo Genovese   ,马可·贾利尼 Marco Giallini ...,2016,剧情 喜剧,8.5,来啊，互相伤害啊！,https://img9.doubanio.com/view/photo/s_ratio_poster/public/p2522331945.webp
茶馆,谢添 Tian Xie   ,于是之 Shizhi Yu / 郑榕 Rong Zhen / 蓝天野 T...,1982,剧情 历史,9.5,,https://img9.doubanio.com/view/photo/s_ratio_poster/public/p2528965424.webp
香水,汤姆·提克威 Tom Tykwer   ,本·卫肖 Ben Whishaw / 艾伦·瑞克...,2006,剧情 犯罪 奇幻,8.5,一个单凭体香达到高潮的男人。,https://img9.doubanio.com/view/photo/s_ratio_poster/public/p2441127736.webp
再次出发之纽约遇见你,约翰·卡尼 John Carney   ,凯拉·奈特莉 Keira Knightley / 马克...,2013,喜剧 爱情 音乐,8.6,爱我就给我看你的播放列表。,https://img2.doubanio.com/view/photo/s_ratio_poster/public/p2250287733.webp
我爱你,秋昌民 Chang-min Choo   ,宋在河 Jae-ho Song / 李顺载 Soon-jae...,2011,剧情 爱情,9.1,你要相信，这世上真的有爱存在，不管在什么年纪,https://img1.doubanio.com/view/photo/s_ratio_poster/public/p1075591188.webp
朗读者,史蒂芬·戴德利 Stephen Daldry   ,凯特·温丝莱特 Kate Winslet ...,2008,剧情 爱情,8.6,当爱情跨越年龄的界限，它似乎能变得更久远一点，成为一种责任，一种水到渠成的相濡以沫。,https://img1.doubanio.com/view/photo/s_ratio_poster/public/p1140984198.webp
背靠背，脸对脸,黄建新 Jianxin Huang / 杨亚洲 Yazhou Yang   ,牛振华 Zhenhua N...,1994,剧情,9.5,,https://img1.doubanio.com/view/photo/s_ratio_poster/public/p2505048077.webp
爱乐之城,达米恩·查泽雷 Damien Chazelle   ,瑞恩·高斯林 Ryan Gosling /...,2016,剧情 爱情 歌舞,8.4,,https://img9.doubanio.com/view/photo/s_ratio_poster/public/p2395517414.webp
聚焦,托马斯·麦卡锡 Thomas McCarthy   ,马克·鲁弗洛 Mark Ruffalo /...,2015,剧情 传记,8.8,新闻人的理性求真。,https://img1.doubanio.com/view/photo/s_ratio_poster/public/p2263822658.webp
驴得水,周申 Shen Zhou / 刘露 Lu Liu   ,任素汐 Suxi Ren / 大力 Da Li ...,2016,剧情 喜剧,8.3,过去的如果就让它过去了，未来只会越来越糟！,https://img2.doubanio.com/view/photo/s_ratio_poster/public/p2393044761.webp
浪潮,丹尼斯·甘塞尔 Dennis Gansel   ,尤尔根·沃格尔 Jürgen Vogel ...,2008,剧情 惊悚,8.7,世界离独裁只有五天。,https://img2.doubanio.com/view/photo/s_ratio_poster/public/p1344888983.webp
猜火车,丹尼·博伊尔 Danny Boyle   ,伊万·麦克格雷格 Ewan McGregor / ...,1996,剧情 犯罪,8.5,不可猜的青春迷笛。,https://img1.doubanio.com/view/photo/s_ratio_poster/public/p513567548.webp
小萝莉的猴神大叔,卡比尔·汗 Kabir Khan   ,萨尔曼·汗 Salman Khan / 哈莎莉·马...,2015,剧情 喜剧 动作,8.4,宝莱坞的萝莉与大叔。,https://img9.doubanio.com/view/photo/s_ratio_poster/public/p2510956726.webp
火星救援,雷德利·斯科特 Ridley Scott   ,马特·达蒙 Matt Damon / 杰西卡...,2015,剧情 科幻 冒险,8.5,,https://img2.doubanio.com/view/photo/s_ratio_poster/public/p2280097442.webp
追随,克里斯托弗·诺兰 Christopher Nolan   ,杰里米·西奥伯德 Jeremy...,1998,犯罪 悬疑 惊悚,8.9,诺兰的牛逼来源于内心散发出的恐惧。,https://img2.doubanio.com/view/photo/s_ratio_poster/public/p2561545031.webp
